AAA,AAC,AAG,AAT,ACA,ACC,ACG,ACT,AGA,AGC,AGG,AGT,ATA,ATC,ATG,ATT,CAA,CAC,CAG,CAT,CCA,CCC,CCG,CCT,CGA,CGC,CGG,CGT,CTA,CTC,CTG,CTT,GAA,GAC,GAG,GAT,GCA,GCC,GCG,GCT,GGA,GGC,GGG,GGT,GTA,GTC,GTG,GTT,TAA,TAC,TAG,TAT,TCA,TCC,TCG,TCT,TGA,TGC,TGG,TGT,TTA,TTC,TTG,TTT
-2.191673166908244819e-01,1.142556909155855616e+00,-1.987529787848242302e-01,-5.030415153413168028e-01,7.004587332209684380e-02,5.379056947415683521e-01,-3.014387661861656631e-01,1.952273705452767585e-02,-3.098591673471496333e-01,-1.000966056290697681e+00,-1.224588914515697846e+00,1.208961098915614985e+00,-1.066643642144838644e+00,-5.716871398394709480e-01,8.283012268498936015e-01,5.300388563546469811e-01,2.226359949725108756e+00,-1.035624154298143695e+00,-4.806190532970723295e-01,2.058606613029663190e-01,8.458945282559019452e-01,-5.178581315177983591e-01,-3.979985923358786981e-01,-1.041764536907329453e-01,-2.625460144819278807e-01,-6.970510780495896563e-01,4.136155879594748119e-02,-1.487171897332528470e-01,8.971125786400632185e-01,4.402161213635259474e-01,-1.216521210645966633e+00,-9.124167186768303850e-01,-1.905945091539350961e-02,-5.512248173665668105e-01,-5.486731072315986779e-01,3.452672652287115396e-01,-1.520906585228487318e+00,-1.390623276521260276e+00,2.075438033967123008e-01,3.007334895822552645e-02,-9.450835690232777253e-01,-4.701343874872330186e-01,9.942226192728423895e-01,1.524505766133937623e+00,-6.205582448079067781e-01,8.144925314646329628e-01,1.068042745913633240e+00,1.129786113886026788e+00,-1.342290014120095298e+00,9.830493813266827363e-01,-6.165368235237234096e-01,-1.020830644657523045e+00,2.178103570748138207e+00,2.303073914793843269e+00,-6.766178950291340533e-01,-1.101406432371445199e+00,7.707606223321907812e-01,-5.119661015665560866e-01,1.050639953557327200e+00,-4.846501883690544354e-01,-1.534760149012229347e+00,1.790380286728553871e+00,5.665710193940546313e-01,8.721454374013119532e-04
-1.119056782349612478e+00,-1.181133919029894397e+00,4.964314955003590879e-01,-5.030415153413168028e-01,1.044241896476592268e+00,3.825752534835631657e-02,1.399430891367443364e+00,-1.362795419038132838e+00,9.037902053953569270e-01,1.702582059096859668e+00,2.369802635317396211e-01,-1.469301066184516058e+00,-6.695909287546872868e-01,1.460782090361099073e+00,2.887450893248445505e-01,-1.449141175416382765e+00,-5.718310494989593540e-01,9.079364659780590763e-02,3.343353247533957240e-01,-2.855697541601139866e-01,-1.159065889472371325e+00,-1.138465447557552412e+00,1.663291179826076049e-01,4.686034840450482020e-01,9.259651642417654482e-01,-1.362801448304675533e+00,2.085561198191963950e+00,-1.455516393085588334e+00,-3.493315365059028177e-01,-1.212442707898373273e+00,3.573033240820178147e-01,4.633967790162501488e-01,-1.905945091539350961e-02,1.845080735335320687e+00,9.747286739800696820e-01,3.452672652287115396e-01,4.215452372487553667e-01,6.684247684278868396e-02,6.219672157757017983e-01,3.007334895822552645e-02,1.641398960117190553e+00,-3.747578328712106860e-02,8.144862761826781039e-01,1.524505766133937623e+00,-6.205582448079067781e-01,2.592341699508434183e-01,-8.286822649312599598e-01,-9.429796987326856117e-01,-1.342290014120095298e+00,-1.239435733075273938e-01,-6.165368235237234096e-01,-6.063448720005624182e-01,-5.161824306076807645e-01,-7.826340661434880719e-01,-6.766178950291340533e-01,4.214567266166164838e-01,-5.886327905780652792e-01,1.810303177447543654e-01,1.050639953557327200e+00,-4.846501883690544354e-01,-7.760433743877070967e-01,-1.435518386419394554e+00,5.665710193940546313e-01,4.109386810077174657e-01
1.831449290331476076e+00,1.096429051524376863e+00,-2.401535430102444968e-01,1.452156827953844820e+00,-1.914606570871055347e+00,4.858331808097697269e-01,-2.027631545192185580e+00,2.254784933217597320e+00,-3.459976102079686533e-01,-7.412490980241150940e-01,-8.918371227393891987e-01,-1.126567056400344713e+00,1.067801336558321379e-01,-1.259263579171177261e+00,1.851181844887455297e+00,1.150476599978485170e+00,-5.385326155326310843e-02,-5.227267189025934790e-01,-1.392639957765462677e+00,-1.275747166954211309e+00,3.434106518525389395e-01,2.511259959425617083e+00,6.802454199351742892e-01,-7.025396144519333586e-01,2.874721860936773621e-01,-5.112454015941966107e-02,-4.040000499856165606e-01,-8.118448251812742100e-01,2.075512598170120793e+00,-6.779599930585034073e-01,8.272376971480250862e-01,-1.377849076457202449e+00,3.342347123275886678e-01,-5.940372242634739397e-01,-5.883647169157735224e-01,3.120689045855053467e-01,-1.573926362020669822e+00,4.297020233792481769e-01,5.849467620644273058e-01,-1.328025899002847725e-02,-3.417849145835657465e-01,3.436502824474686468e-01,-3.174512889856473952e-01,3.157914936567617903e-01,-7.274056746054181899e-02,-3.125579393003293793e-01,-8.428018059549192698e-01,4.711315220801457621e-02,2.412110509087015853e+00,-7.351245470199629928e-01,-1.051404688153687456e-01,1.014572194270827232e+00,-5.462675100272866846e-01,-5.714813266008324233e-02,-1.317144208481200618e+00,-3.513113031924620100e-01,-1.692334994155129946e-01,-1.204962520877866483e+00,2.117206557349786245e+00,1.076341994346186937e+00,-7.986354371556829701e-01,-9.952592622925032773e-01,-2.334961987959099095e-01,7.782687538138819416e-01
9.102783044294148196e-01,1.051654578468882661e+00,-9.551272845474316764e-01,3.931855174568392175e-01,-1.004189839251686145e+00,1.890254163001435561e+00,4.242378969999099914e-01,1.293688861374657106e+00,-3.810757564567343048e-01,-2.363599633134652489e+00,-2.141764815256905485e-01,-7.938888121844132062e-01,-2.958371520915863417e-01,2.019007135656609719e+00,2.254230976348632898e-01,-1.449141175416382765e+00,-1.180728357398573181e+00,-2.487761901987135815e-02,-1.223177321153978925e+00,-8.058371622176049298e-01,6.341236479481729971e-01,2.991507408208248647e-02,-4.642277612730115188e-01,-1.713975710778172235e-01,-3.322875017419978927e-01,-1.362801448304675533e+00,-4.260556575626076731e-02,1.081399419779336846e+00,1.202882487897549924e+00,-1.591589226638131516e-01,7.741680133946460263e-01,-4.941783856372876094e-01,1.059989347068781562e+00,2.948057983061778131e-01,-6.268917805945450894e-01,-4.416222666755060255e-01,-1.939633974833401941e+00,-1.575924545897618101e+00,-2.555160974766331750e-01,-5.536187844102327671e-02,5.576374847346774466e-01,-1.263347631228410872e-01,1.375228510371062196e+00,-2.877965546422289744e-01,4.590042195979027739e-01,-3.286065893045865272e-01,-3.962382373975526506e-01,1.008156824148009445e+00,8.773042316292430920e-01,2.833973549869681641e-01,-6.644001255739573342e-01,5.763076871453377548e-01,-1.229278908961635164e+00,6.470521499631729512e-01,-7.367747772095398218e-02,1.115867433587945490e+00,2.378606780698980239e-01,-1.204962520877866483e+00,9.332499368079176794e-01,1.810687402921413947e+00,-8.205646521162853757e-01,-1.909882110273843248e+00,1.252323392822815018e+00,1.134821416170965325e+00
7.129432551552347119e-01,1.042621153594425719e-02,-1.560818090077282783e-01,1.605651780551237806e+00,6.318903828395872058e-01,-1.437685276823407632e+00,-2.492381628852872455e-01,9.905629421869674989e-01,-2.121021338690506575e+00,-9.221038725286327675e-02,-8.355568791983994381e-02,1.198468169439504682e-01,-2.603524543397741087e-01,-5.508946157453473713e-01,-2.259721467284628860e-01,1.900110626003475689e+00,5.989721409692186915e-01,-4.205597029137824183e-01,1.011032310449180738e+00,7.349967352414747968e-01,5.495090752004182511e-01,1.086038781162947053e+00,-3.633595512933115446e-01,5.125507938457473101e-01,-8.294445690393927872e-01,-1.362801448304675533e+00,-1.575176877268626541e+00,5.347621890021759805e-01,-1.161167260266787959e+00,-6.446494357819660959e-01,2.536238570798341030e+00,4.985838249930550914e-01,1.725337520931832791e-02,4.661325272587872881e-01,-2.054542131370498570e+00,-1.129875804852079613e+00,1.772897864257434453e-01,2.159231503837723221e+00,-1.864573258498235964e+00,-1.033968055325466207e+00,-1.238626183423810367e+00,-1.308894546013280813e+00,-1.303736406578125173e+00,3.867656999745910373e-01,1.257953569157378437e+00,2.847959359540358504e-01,-8.141293876101993732e-01,1.411139296062574877e-01,2.055600225576190154e-01,-5.599515665478768667e-02,-5.915034596636905562e-01,2.480682552667275165e-01,1.566548883739624198e+00,-7.471208029357693237e-01,-6.667888467408669140e-01,1.217941422302188492e+00,1.279519111903889561e+00,1.609560020979834416e+00,-1.209357338212432742e+00,-4.599611877881746302e-01,7.879610254776768796e-01,1.854026077137757467e+00,-1.865172418124938503e-01,1.697771517695129573e+00
7.152189642523535014e-03,-1.035033597497257318e+00,-1.326866706517067396e+00,7.153713231348649004e-02,-2.610057692768109061e-01,-5.840587574886978439e-01,3.402066734897470912e-01,-9.360110406283571327e-02,1.590555868414320173e+00,-1.307399012055326493e+00,4.229583775048421646e-01,-5.815109986256618013e-01,3.180869366666571718e+00,-3.161071767603572669e-01,6.958353487748816235e-01,1.191911052484852518e-01,-2.145185150260276785e+00,8.344317456922871745e-01,9.028514028544698533e-01,2.329016617929387856e+00,7.774617475310451331e-01,2.046327785053640547e+00,-6.429911611867185073e-01,-3.528384027077636209e-01,-1.226876940931391546e+00,2.593828746175400379e+00,-1.848605053915100438e+00,9.777487556973274430e-02,4.251466735734996116e-02,-4.537370577382197623e-01,9.510215617338921845e-01,-1.943024878450130277e-01,-5.102852531560044813e-01,-5.784881739541929413e-01,-9.511886976265978566e-01,7.658626636171166346e-01,1.459651974710395095e+00,1.533035570047341700e+00,-8.793870626032724847e-01,5.793272173206124309e-01,-5.181977923200794534e-01,5.337890204621280610e-01,-1.935910279307820003e+00,-1.299203727610890091e+00,6.617975863146723370e-01,-7.465481914738351099e-01,-1.213422143628090755e+00,-1.167943054144147563e+00,4.697140707331570741e-01,7.112726679134935281e-01,3.375208158298831362e-01,2.998688569821206684e+00,-1.350296953859370097e-01,-1.263043691918162237e+00,2.055440935575446049e-01,-1.963515309968037192e-01,-1.323953379198183677e+00,2.913594042993244759e+00,4.465474796398240520e-01,-2.093550059556374521e+00,4.120071439614700348e-01,-1.661313978410741687e-01,-8.407472751228359797e-01,-1.562046117380001986e+00
-6.107481776901613202e-01,-2.164342199980275050e-01,-1.106267552681997612e+00,1.010858839236338014e+00,4.987362047780907193e-01,1.079379615871316256e+00,-1.411621789272627492e+00,-2.150335111512406416e-01,-1.193845028252981874e-02,2.546896133317713695e-01,-1.082400057827825002e+00,1.046222479963182961e+00,-7.100148475387524361e-01,5.073915464811937781e-01,-4.156076060415653806e-01,1.513658495070415055e+00,2.055849113714380005e-01,1.207017621241303296e+00,1.456587733742953583e+00,-4.356672792449914344e-01,1.911880270713242735e+00,9.648598000160940602e-01,-1.134688838611368489e+00,-3.374352518636751785e-01,2.920390156223664699e-02,-7.648310931208087693e-01,-2.500062631089148280e-01,-2.817623574953683208e-01,1.855302293448170270e-01,2.158732938619108976e-01,-1.376752215312842864e+00,-5.938837293919316807e-01,-6.142251192692421702e-01,4.474165464517311785e-01,-1.359415160549079238e-01,1.182490637714923298e-01,-1.387774038504490937e-01,1.481791780109185108e-01,3.688126426030159388e-01,-1.574116403970185596e+00,-3.043147071660804448e-01,-7.344281049850387433e-01,-1.598535126299292841e+00,-9.425220391864158609e-01,-9.267794581031362222e-01,5.883692168210085116e-01,1.630194276277165288e+00,-2.231390828119335090e-01,2.696194140249814561e-02,-5.747551837920467088e-01,-1.271041610257402033e+00,5.383156227658775911e-02,1.093074366582220236e+00,-3.253628608235891173e-01,4.087988669066077718e-01,1.634234626987199901e+00,4.082992098068079223e-02,-5.825200356593364104e-01,-3.834766481237175118e-01,1.519194560700221297e+00,-2.490613612435252089e-01,5.402663535984988386e-01,3.292725567345932691e-01,2.738669309392160134e+00
1.280648459407155437e+00,7.552751044582307616e-01,-8.939374530700072707e-01,-5.030415153413168028e-01,1.044241896476592268e+00,-1.960335152224491395e+00,2.249865720144248016e+00,9.410681744496346424e-01,-9.166838537184028857e-01,5.439185810736210103e-01,-4.938043254919790015e-01,-3.214744239987457619e-01,-6.695909287546872868e-01,7.832923469609088807e-01,-1.329923323250302047e+00,-1.449141175416382765e+00,-5.718310494989593540e-01,-4.724152538501690257e-01,6.268386540323872547e-02,-7.770001696231942923e-01,-2.362042140109334998e+00,-1.759072763597306466e+00,1.859312248938065792e+00,-6.769563914265138704e-01,2.708731932327305358e+00,6.344496624605817647e-01,4.502014866751506972e-01,5.046824119429149658e-01,-7.648129082212250518e-01,-1.106701550571070891e-01,8.819115023246795193e-01,1.380605777478303819e+00,3.753381883835588129e-01,1.365819624794943232e+00,-5.486731072315986779e-01,-1.884555957973309326e+00,9.780326683588129455e-02,-9.048013587332435215e-01,-2.068796089822774464e-01,7.580526824226588856e-01,-1.268393885165836288e+00,-4.701343874872330186e-01,2.752772469121875232e-01,1.524505766133937623e+00,5.825508776497941854e-01,-2.960241915629461262e-01,5.938614932024101067e-01,6.115946607313488270e-01,1.821668230108524078e-01,4.295529040095772966e-01,-7.275653078634371218e-02,-6.063448720005624182e-01,1.573890697312738673e-01,7.602199243251777094e-01,1.244961045327065641e+00,-3.399748528774144130e-01,3.176294846954386686e-01,-5.119661015665560866e-01,-1.235670372657359017e+00,3.197997472246057460e-01,1.500106949485860097e+00,8.686949515434260194e-01,-1.764227213838878372e+00,-4.091943901329151423e-01
5.470121576082851433e-01,1.307882396538568193e+00,2.750873822255957002e-01,1.204447107871848388e+00,-2.091164304827879405e-01,3.151851664035563716e-01,-1.314338739139671031e+00,1.598538681081756563e+00,1.037548287879737491e-01,2.906886699962149545e-01,-9.988040532843130981e-01,-8.989972628343534389e-01,4.866244664683667259e-02,-2.362350307941156469e-02,1.513109788231811192e-01,4.040061656522465627e-01,-1.238381263936767951e+00,8.944289880389015845e-01,-9.476801709061856149e-01,-3.794515080575420196e-01,-1.115562031351852168e+00,-6.364175480253927430e-01,-1.070134190710490651e+00,8.225382568912146253e-01,-1.526740688077177222e+00,-1.160896700439724705e-01,-5.236860773767251231e-01,2.215233255953637848e+00,6.854522572001822134e-01,2.998960320865722284e-01,1.139266457689003698e+00,3.173788370441072426e-01,2.045947056734780833e+00,-1.183080856970507577e+00,-1.788233518830715685e+00,-4.926694491506642404e-01,7.107928342915811881e-02,-1.337916181666899851e+00,1.239692679510422169e+00,-8.369775081161581198e-01,-1.391922826710870309e+00,-2.303353969517936417e-01,5.169039345569828026e-01,-3.482560419378754046e-01,-2.488429263127208968e-01,1.531588697559921886e-01,4.428839717023744238e-01,3.806083761883436445e-01,1.512471138431726647e+00,-1.960664194970655805e+00,1.316191716936727651e+00,8.932333715272151586e-01,-1.275538980518106102e+00,-9.300057326858958140e-01,-1.176680460261514266e-01,1.750370332337330748e+00,1.841603546653005852e+00,9.277133981359689252e-02,-8.096833071598114051e-01,9.193426237519561894e-01,1.258534391527580620e+00,-6.312175043002968833e-01,4.181475469947877888e-01,-5.136453001366749760e-01
-1.086379231920661992e+00,-1.096754084486836200e+00,8.750934298177071025e-01,-1.711952147138685043e-01,-2.153189185105898851e+00,-7.433150301270587956e-01,6.914177372774939212e-02,7.814709199286941077e-01,-4.543276769934079251e-02,1.167482352300279747e+00,-1.025562385382143393e+00,-3.706364589526983666e-01,1.134891654166475750e+00,1.078511341291717995e+00,-1.869479460775351098e+00,1.477244197444320450e+00,2.926380133898168756e-01,-1.353412416562084664e+00,-2.840890868957036131e-01,9.649696550210763446e-01,2.981707046418652363e-01,3.731814227962622077e-01,-1.520904280630187011e-01,1.415770308457289017e+00,1.314389208684983767e+00,-6.245251997257116328e-01,-1.002478016985253184e-01,7.182236225465787882e-01,-5.837651596525371689e-01,6.802671244965393660e-01,7.002036417043161487e-01,1.221759526348003888e+00,-6.359943056847040532e-01,-2.379647618736943915e-01,5.864314322606152263e-01,1.412426610411056771e+00,1.021100897538518293e+00,1.452384873662801557e+00,-2.629287062718689214e-02,-4.599909509438089850e-01,1.852566931222492802e-02,-1.873351880938638192e-01,-1.267543374082429564e+00,-1.345968934398930950e+00,-2.928958441385611788e-01,1.056448688995781593e+00,8.521445777797521659e-01,-3.015745511351398012e+00,-4.970255387835223471e-01,9.722268245076332027e-01,-1.041839845776422635e+00,4.032405854208614415e-01,-2.960487279829386309e-01,3.249454745002189338e-01,1.524073070183273426e+00,1.431736056950875247e+00,-3.911789987586983819e-01,1.100508807054453975e+00,2.188189480001681564e-01,-3.093789733514412110e-01,-6.107363676259395247e-01,1.980272704939120831e-01,8.204847934054635417e-01,-6.852447674302509784e-01
-7.423985022159151903e-01,-1.955697528425144327e+00,9.407965713928764240e-01,-1.258816952735744898e+00,1.179854411063439468e+00,-1.420132630406718555e-01,-8.257125100627754621e-01,-7.253058906128245775e-01,4.489109108777501896e-04,3.590609023578077152e-02,-9.910284989896515073e-01,5.502651281158262853e-01,7.246055307630036024e-01,3.656353176488598700e-01,5.646544778319719793e-01,3.899229544175899370e-02,-9.168352806532905630e-01,2.500431726355333950e+00,-4.620973628868356164e-01,1.565670958635466903e+00,-4.926443869888254001e-01,-6.298142808601971954e-01,-1.094219222866527202e-01,-4.572822675789843250e-01,7.115604487617809282e-01,1.640640562959745585e+00,-5.387956076682175882e-02,-7.185855923315014326e-01,-1.020947731125273039e+00,1.006072520928515124e-01,1.680270779546939042e-01,1.791004690142432798e+00,-1.050991910558390696e+00,-7.241400475899416600e-01,-6.373939496033012020e-01,1.468625176917608632e+00,7.600027517713051628e-01,-5.832203733792439282e-01,5.041454166069616293e-03,1.633902817997054724e+00,-1.385042777637725209e+00,8.376745752085597019e-01,-1.020662635936776752e+00,-6.729662378479280838e-01,-2.360418349315110964e-01,1.724674561559679686e+00,-1.242243755222014467e+00,-9.355791330584110888e-02,-4.826176215902852618e-01,-1.821236007527912149e-01,2.053129370907255946e-01,4.345796252402138737e-01,5.018290414955122181e-01,-4.867742810394116715e-01,2.294914689820935827e+00,-2.426327475443706416e-01,-3.569180042865442992e-01,3.582169022277599812e-01,-3.718088005364689197e-01,6.283245804778559984e-01,1.129370343703423041e+00,1.281096770553816988e+00,8.645423844380374367e-01,-1.995012753526396454e-01
7.631727544602607827e-01,4.592377040087371465e-01,1.355402887810846835e+00,6.718372430174095467e-01,1.254637634461528872e+00,-8.825600433763063357e-01,7.159662514866084182e-01,-8.477431915934854345e-01,4.161064914791927083e-01,5.216754776560712514e-01,3.661110482414284828e-01,-9.815248229519942802e-01,-2.413560650982935485e-01,-5.184811390488800464e-01,-1.872507702195049251e-01,-7.787682530626255373e-02,9.768376026302978687e-02,2.456023757785315287e-01,-1.321885221912870056e+00,2.830486846741309681e-01,-9.543709777147723061e-01,-4.447499398377226520e-01,1.450100794073613475e+00,1.176331574650515410e+00,-1.692074402366114394e-01,2.098335269673322692e-02,1.537390258831627665e-01,-7.764597389875815825e-01,5.958342017679578717e-01,2.244296571107536220e+00,-6.095138421034105303e-01,5.534369293888338204e-01,1.713399289251207991e+00,-4.383098960350643170e-01,-4.818377858745090392e-02,4.328257687575866597e-01,-1.717524745269813691e+00,3.720709068666739894e-01,-1.003180092453948458e+00,2.414110380801172351e+00,4.878074394305219053e-01,-3.681991142463690303e-01,-1.227775862141960855e-01,-7.769310408074495689e-01,-1.752803610052785288e+00,-1.406540914590525215e+00,1.941589712835255499e-01,-3.230490859272198145e-01,-5.501311602706367987e-01,-1.100531598730901006e+00,1.142919830464238062e+00,-1.435316417314483672e+00,9.632062834875626534e-01,1.713396735190635622e+00,-1.317144208481200618e+00,-1.101406432371445199e+00,8.953123748239678603e-01,2.354541203084699608e-01,-1.168337935039780007e+00,-4.214734918564631561e-01,-1.504967605506030814e+00,5.164277815512039460e-01,6.580945102278085157e-01,5.075512155661688896e-01
6.954722020803680294e-02,-4.181887637755729581e-01,1.850303259170753556e+00,4.818896500936208360e-01,3.716675754063275550e-02,-4.801274503971008634e-01,-3.269518110494696317e-01,4.595606834106910621e-01,2.742095932851818518e-01,8.817761305114661663e-02,1.662923692864271441e+00,-3.473005234479255021e-01,5.096556300140625551e-01,7.629676546589032604e-01,-7.984605277881289265e-01,-1.395837210612180246e-01,-5.886201954943036663e-01,-4.977596543703279308e-01,2.732137463996096582e-01,1.911177488390740087e-01,3.937759540581771689e-01,-5.318217961286928475e-01,-1.535118928627628110e+00,4.471242363799564079e-01,3.094249902788497875e-01,-7.020442058265028429e-01,-1.197423422678038696e+00,-8.070172884219918297e-01,-7.772773493726846672e-01,2.063953421113342124e+00,-1.869776608447432653e-01,-9.192957861652957252e-01,1.137511626328783665e+00,8.542083892930899536e-01,5.653144452794339747e-01,-4.091562586213054464e-01,5.895423038633669510e-02,8.543846708227102738e-03,-1.453258021712088732e+00,-1.436805007972607129e+00,1.925912038322641573e+00,-2.207258683350681761e+00,9.578260097970840992e-01,9.156159513735605548e-01,-4.607363883435482144e-02,-8.554469907880890567e-01,-3.651700904060392050e-01,5.843896094407284858e-01,1.707333967323703683e-01,3.921918917906728197e-01,-8.906993956846499805e-02,2.101921001336501671e-01,-1.199857503451719820e+00,-3.434988076618515629e-02,1.225745255923503807e+00,1.165756095572031636e+00,-6.022267247071677598e-01,-1.204962520877866483e+00,4.533413808337403150e-01,-4.967169374029592466e-01,1.471655070437440704e+00,-9.850446788476632243e-01,-2.220157161830876025e-01,-1.235478459307102428e+00
-1.119056782349612478e+00,-7.938521143322693208e-01,-8.939374530700072707e-01,-5.030415153413168028e-01,7.004587332209684380e-02,-4.613906440448554136e-01,-1.151873594962970149e+00,1.952273705452767585e-02,-3.098591673471496333e-01,1.576974217325410321e-01,-4.938043254919790015e-01,1.208961098915614985e+00,9.186199248059185862e-01,-1.249176883239660807e+00,2.446969639425040199e+00,-1.449141175416382765e+00,-5.718310494989593540e-01,9.079364659780590763e-02,-1.295573431347541105e+00,-2.855697541601139866e-01,-1.560057973018025956e+00,-8.281617895376752747e-01,1.294984538619579739e+00,-1.822516266898075887e+00,-1.451057193205621321e+00,-3.130070779450399437e-02,2.085561198191963950e+00,-1.487171897332528470e-01,1.312593950355385175e+00,-1.212442707898373273e+00,-6.919130324033051505e-01,4.792279785223183333e-03,-1.596650008111202279e+00,-5.512248173665668105e-01,9.747286739800696820e-01,1.088541672962718421e+00,-5.496806739898659755e-01,-9.048013587332435215e-01,1.036390628154691518e+00,1.122042349154875218e+00,6.714680116895145323e-01,8.278414251131022139e-01,6.347499330925147065e-01,3.507422678006800743e-01,1.184105438878644279e+00,1.369750892978422563e+00,-8.286822649312599598e-01,1.129786113886026788e+00,9.443952415763262609e-01,-6.774400506246320841e-01,3.189925225637935124e+00,6.371124459703196852e-01,-5.161824306076807645e-01,-7.826340661434880719e-01,-6.766178950291340533e-01,-3.399748528774144130e-01,-1.355016529413131665e-01,-5.119661015665560866e-01,4.790623720036555899e-01,1.124249682818265983e+00,-1.732659976318478082e-02,-5.138330512342663692e-01,-2.103617250169230180e-01,-4.091943901329151423e-01
2.049486061135052051e+00,1.402938122508385232e+00,3.698809237251435289e-01,-6.139460855659492067e-01,-5.589253455106597546e-01,4.105681758428127437e-01,-4.252884985323024392e-01,-9.523498176740499144e-01,-9.829632490744862894e-01,-9.240967964218421704e-01,-2.348369711292051243e-01,6.591929984512333585e-01,-1.066643642144838644e+00,-6.210189172715236960e-01,-3.097431505997848555e-01,-8.134336733022251575e-01,9.644573097837693121e-01,-5.274260230277040551e-02,2.993898700311656280e-01,-8.127839377394381337e-01,9.695013112906066821e-01,-2.866367164398802569e-01,-1.023964038004684829e+00,1.468187889948024960e+00,-9.217081609342674398e-01,-7.977767650239865616e-02,-6.283308301792732420e-02,-8.259056118587957407e-01,-1.626029149592305378e+00,1.421649439064362586e+00,-2.628039157339436827e-01,1.705636150719710642e+00,1.034901230803408456e+00,-6.559177784069403216e-01,-6.457345071267597270e-01,-1.168342511685928731e+00,-9.078428874443379704e-02,2.519736445435625805e-01,-1.065902895806688067e+00,6.255321726900555657e-01,-7.159413061261248323e-01,1.102978692832591090e+00,1.163925137384671071e+00,-8.657553384816040198e-01,-1.309717839225425173e+00,1.985870188146286186e-01,5.062471825168797512e-02,-1.979395452022491425e-02,-6.078126302111315216e-01,-1.885190859139382891e+00,-1.199912768644892935e+00,-1.435316417314483672e+00,5.929613278870751042e-02,6.197902528626169083e-01,1.151680514241812947e+00,-3.676968764026825598e-01,1.528545461729574617e+00,-5.371965537259484336e-01,-1.965645265804172870e-01,-5.432266399899521314e-01,-8.312897414720170630e-01,7.512471843171655284e-01,1.979004576587798159e+00,3.213610397423572462e-01
-1.114453767180002330e+00,1.190100455512597799e+00,1.255622724451185723e+00,-2.518245945898732963e+00,-3.572549399029560369e-01,1.098891746822438398e+00,6.142468167167364212e-01,-4.129672572216925297e-01,9.596615320177742658e-01,2.999374394949851363e-01,2.874436494745542525e-01,5.083269336939510996e-01,-2.603524543397741087e-01,-1.926666626639850666e+00,-1.321643689426388102e+00,-1.094404548484392004e-01,1.167198139277123792e+00,-4.205597029137824183e-01,-3.680678092696431647e-01,-1.260889453391188963e+00,5.495090752004182511e-01,-1.742226227643283720e-01,1.355602860444071744e+00,-2.395296204633856618e+00,-2.260699680760853980e-01,6.650980171014808651e-01,1.330618927274355823e+00,1.861614577060685338e+00,-7.393102153282127276e-01,-1.763328984319006310e+00,-6.597120189050341699e-01,3.294191656666748541e-02,4.177031521957222937e-01,-5.070984747081175303e-01,1.039015449913554212e+00,3.794845013903794806e-01,-4.801299693487373066e-01,-8.004304096432353077e-01,1.501689548958723641e+00,7.475750241895831594e-02,7.310034151735664842e-01,8.999053992686151943e-03,1.068691385463651056e+00,-8.050095144456220764e-01,-5.744031633836984563e-01,1.976132786498596916e+00,1.111701377876815000e+00,-3.850293105533518223e-01,-5.683649957812382247e-01,-5.599515665478768667e-02,5.127460350510907316e-01,-1.014470249169180827e+00,-1.169081659836488374e+00,-7.471208029357693237e-01,-1.643348500053331412e-02,-1.101406432371445199e+00,-1.007345579819717146e-01,-5.013318854134412028e-01,-1.789705931247746573e+00,1.173627683980025482e+00,7.879610254776768796e-01,-4.855460332746203145e-01,-9.753722278256861111e-01,3.233505097988069454e-02
4.965624638599542839e-01,5.175069187323430020e-01,7.200833370934474065e-01,-1.387767279599779968e+00,-1.203199599299394462e+00,1.826542528404490051e+00,8.225943989263402312e-01,-8.130799771603545167e-01,1.783930032008890221e+00,7.541140109562997074e-01,4.485747289863284970e-01,-9.143643249669096695e-01,-6.440433010834710759e-01,-4.845034731284544871e-01,-7.209336881348983317e-01,6.573855608117642468e-01,7.634987034819634699e-01,9.439116861503682454e-01,-8.760794887585600099e-01,-7.137597944429587837e-01,-3.968584169955104990e-01,2.624765366394261057e-01,9.485206092283375856e-01,1.262510261013945589e+00,-1.096008762011307786e-01,1.471545972513223166e+00,-2.096420430387377076e-01,-7.600749939825358625e-01,6.687649078581836548e-01,-4.332857731944605474e-03,-5.568932331773117639e-01,1.228245369599647585e-01,-7.063475622942645415e-01,-1.386398334394034038e+00,1.649640589114729883e+00,-1.093456923468213438e+00,7.756651405421938206e-01,5.669915825548487165e-01,-9.823958069461775633e-01,2.174353221823156768e-01,-1.112376598298697034e-01,-7.635998750546009184e-01,-7.978402760416851702e-01,1.751076736321590666e+00,2.134013311703826243e+00,-8.155554735155265966e-01,-7.676616211507272247e-01,-8.096113890735725516e-01,1.091527804945533253e+00,1.339186524908734022e+00,-5.115711906092693662e-01,3.293039767317724742e-01,-3.861632670033784409e-01,-6.337259062054934056e-01,4.633539709772935972e-02,-2.909819362343668003e-01,-1.918870312594803673e+00,1.007795482874870086e+00,9.137033947529406286e-02,-3.811284808395752899e-01,1.291281127648732652e-01,-8.857194934470324910e-01,7.165419512910800037e-01,-3.036544774928336410e-01
-7.423985022159151903e-01,-1.082113003056069722e+00,-1.411375896998183332e+00,-1.136152403480046313e-01,-4.682527815175316910e-01,-7.055369086347204055e-01,1.334426803474277889e-01,-7.253058906128245775e-01,-1.368354500960642373e+00,-1.270881980148383272e+00,1.893702144329829418e+00,2.276352919584579748e+00,-1.066643642144838644e+00,-3.984653304473768642e-01,5.646544778319719793e-01,3.899229544175899370e-02,-2.856524245783159111e-01,-6.756184650913417133e-01,1.682560039198629953e+00,-1.205605674018551232e+00,4.118661650999517754e-01,-6.298142808601971954e-01,-1.094219222866527202e-01,-4.572822675789843250e-01,-6.288910795146573918e-01,1.389195573275350537e-01,-5.149859566987640136e-01,1.834520842258558632e-02,8.534398208177140788e-01,-5.207048267111009654e-01,-4.236474867110349707e-01,-1.829625717138883889e+00,-1.050991910558390696e+00,-1.264670334193719547e+00,1.080760900229177146e+00,6.303298931948788653e-01,1.125132189992642529e+00,1.060569126863731615e+00,-4.623622240000069272e-01,-8.186928510785838539e-03,-2.911149750076479914e-01,2.789554869156790851e+00,1.956213675881373903e-01,6.508522531699789671e-01,-2.360418349315110964e-01,-1.406540914590525215e+00,2.501363350699831400e+00,1.659754645521493321e+00,-1.342290014120095298e+00,2.314900279870966138e+00,-4.079847226159216134e-01,-5.003683960371348993e-01,-1.017533945064516221e+00,3.832726425629468525e-01,-5.947324288207731513e-01,-1.101406432371445199e+00,1.176261498342352274e+00,-4.233728093250532787e-01,1.562136937049959373e+00,-1.186258512878297644e+00,1.129370343703423041e+00,2.415823442228627604e-01,-1.764227213838878372e+00,-1.124480903883410043e+00
-1.119056782349612478e+00,-4.065703096346443002e-01,-1.589121927355190422e+00,5.123514387153197402e-01,1.044241896476592268e+00,-9.610388134380675185e-01,5.489960625906391556e-01,-1.362795419038132838e+00,-9.166838537184028857e-01,1.576974217325410321e-01,2.429334030602896988e+00,1.208961098915614985e+00,-6.695909287546872868e-01,1.460782090361099073e+00,-2.508110482002043340e-01,-1.296878209023629158e-01,5.474453501906678676e-01,-2.162041955194093035e+00,1.692592621504174888e+00,1.680151907692207569e+00,-3.570817223810612284e-01,1.027491845219557776e-01,7.306568283010934639e-01,-6.769563914265138704e-01,3.317095748799189781e-01,-3.130070779450399437e-02,-3.674783690832560401e-01,1.158082013619082806e+00,6.614983520941911110e-02,-6.615564314777401256e-01,-1.741129388888628116e+00,-1.371021217907857137e+00,-1.596650008111202279e+00,1.845080735335320687e+00,1.355579119282986689e+00,-1.884555957973309326e+00,1.069029178074502484e+00,-4.189794409452267665e-01,6.219672157757017983e-01,-6.979059845062075551e-01,1.318088643974631768e+00,8.278414251131022139e-01,-4.436681254484673431e-01,-8.230212305325775857e-01,1.785660000107494483e+00,-8.512825530767356152e-01,-3.545010122200366598e-01,6.115946607313488270e-01,1.821668230108524078e-01,-1.239435733075273938e-01,4.710237619510361795e-01,-6.063448720005624182e-01,1.504532070409183353e+00,1.531646919559510156e+00,-1.317144208481200618e+00,-1.101406432371445199e+00,-1.041763928214817225e+00,1.810303177447543654e-01,-6.640927911036874631e-01,-1.289100123962714672e+00,-1.534760149012229347e+00,4.078522839508617603e-01,-2.103617250169230180e-01,-4.091943901329151423e-01
-7.955363112750744037e-01,-7.482299122082035625e-01,6.329205938547797228e-01,6.718372430174095467e-01,1.254637634461528872e+00,6.752435423496497835e-01,7.159662514866084182e-01,-8.477431915934854345e-01,1.677412253203734549e+00,1.725836212669752623e+00,-1.362911123817405097e-02,-9.815248229519942802e-01,9.965753004715240948e-01,-5.184811390488800464e-01,-1.872507702195049251e-01,-7.635090003613226317e-01,1.260910803919526924e+00,8.309268089666106416e-01,9.366619898570134328e-01,2.830486846741309681e-01,7.125804062394147653e-01,2.002267734287236645e-01,-1.482335082843126761e+00,5.810602781031202202e-01,1.065973025609739722e+00,2.098335269673322692e-02,1.003526729380774363e+00,-1.455516393085588334e+00,-1.563146224553807251e+00,-4.577517485048805679e-02,-6.095138421034105303e-01,-3.997881292222533745e-01,-3.360229987289492515e-01,1.554011160347447351e+00,3.476215271331198897e-01,1.205286344334552284e+00,9.741100663304141927e-01,-1.328277877978356336e-01,2.011695988701057036e+00,-1.368714166127883880e+00,1.159818934239923882e+00,-3.681991142463690303e-01,8.111926782726490703e-01,-7.769310408074495689e-01,-1.127627796419660156e+00,-1.406540914590525215e+00,-7.914428995350905049e-01,-3.230490859272198145e-01,-1.342290014120095298e+00,4.992966564025464599e-02,1.265398639753812296e-02,-5.737936333102251485e-01,2.631856404651413683e-01,-1.493477789500778696e+00,-6.514663382181888895e-01,-1.101406432371445199e+00,-1.459308850853918482e+00,-4.847542002846982334e-01,-5.743162076135818195e-01,-4.214734918564631561e-01,7.205103075541072211e-02,-4.414493861673713382e-01,-1.764227213838878372e+00,-7.709546584240056788e-01
